{"50 games avg reward": 0.05200000000000001, "_runtime": 485, "_timestamp": 1618846999, "_step": 242, "50 games n wins": 0.0, "epsilon": 0.0, "100 eval games, win pct (%)": 0.0, "100 eval games, avg rewards": 0.09999999999999998, "1000 test games, avg score": 0.0, "1000 test games, win pct": 0.0}