{"50 games avg reward": -16.38, "_runtime": 18, "_timestamp": 1618776114, "_step": 8, "50 games n wins": 14.000000000000002, "epsilon": 0.6275900000003295}