{"50 games avg reward": 0.9843999999999999, "_runtime": 500, "_timestamp": 1618865725, "_step": 315, "50 games n wins": 76.0, "epsilon": 0.0, "100 eval games, win pct (%)": 28.000000000000004, "100 eval games, avg rewards": 0.3559000000000001, "1000 test games, avg score": 0.07529473684210526, "1000 test games, win pct": 0.0}