{"50 games avg reward": 1.2483999999999997, "_runtime": 501, "_timestamp": 1618849945, "_step": 368, "50 games n wins": 96.0, "epsilon": 0.0, "100 eval games, win pct (%)": 100.0, "100 eval games, avg rewards": 1.3000000000000003, "1000 test games, avg score": 0.1, "1000 test games, win pct": 0.0}