{"50 games avg reward": -9.64, "_runtime": 45, "_timestamp": 1618836713, "_step": 27, "50 games n wins": 24.0, "epsilon": 0.510810000000861, "100 eval games, win pct (%)": 7.000000000000001, "100 eval games, avg rewards": -11.98}