{"50 games avg reward": 0.65, "_runtime": 528, "_timestamp": 1618853661, "_step": 354, "50 games n wins": 44.0, "epsilon": 0.0, "100 eval games, win pct (%)": 0.0, "100 eval games, avg rewards": 0.09999999999999998, "1000 test games, avg score": 0.29999999999999993, "1000 test games, win pct": 0.0}