{"50 games avg reward": 1.1745999999999999, "_runtime": 529, "_timestamp": 1618851528, "_step": 399, "50 games n wins": 92.0, "epsilon": 0.0, "100 eval games, win pct (%)": 100.0, "100 eval games, avg rewards": 1.3000000000000003, "1000 test games, avg score": 1.3000000000000003, "1000 test games, win pct": 100.0}