{"50 games avg reward": 1.1079999999999999, "_runtime": 520, "_timestamp": 1618868272, "_step": 393, "50 games n wins": 82.0, "epsilon": 0.0, "100 eval games, win pct (%)": 32.0, "100 eval games, avg rewards": 0.45879999999999993, "1000 test games, avg score": 0.21263157894736845, "1000 test games, win pct": 18.2}