{"50 games avg reward": 1.2799999999999998, "_runtime": 505, "_timestamp": 1618856785, "_step": 427, "50 games n wins": 98.0, "epsilon": 0.0, "100 eval games, win pct (%)": 100.0, "100 eval games, avg rewards": 1.3000000000000003, "1000 test games, avg score": 1.3000000000000003, "1000 test games, win pct": 100.0}