{"50 games avg reward": 1.1839999999999997, "_runtime": 502, "_timestamp": 1618866231, "_step": 407, "50 games n wins": 88.0, "epsilon": 0.0, "100 eval games, win pct (%)": 51.0, "100 eval games, avg rewards": 0.6165, "1000 test games, avg score": 0.3861157894736842, "1000 test games, win pct": 23.5}