{"50 games avg reward": -7.8, "_runtime": 7022, "_timestamp": 1618822485, "_step": 2279, "50 games n wins": 54.0, "epsilon": 0.0, "100 eval games, win pct (%)": 14.000000000000002, "100 eval games, avg rewards": -9.37, "1000 test games, avg score": 2.2263157894736842, "1000 test games, win pct": 23.599999999999998}