{"50 games avg reward": 0.8414, "_runtime": 524, "_timestamp": 1618868800, "_step": 329, "50 games n wins": 57.99999999999999, "epsilon": 0.0, "100 eval games, win pct (%)": 9.0, "100 eval games, avg rewards": 0.23540000000000005, "1000 test games, avg score": 0.47782105263157887, "1000 test games, win pct": 25.1}