{"50 games avg reward": 1.1503999999999999, "_runtime": 499, "_timestamp": 1618867747, "_step": 318, "50 games n wins": 88.0, "epsilon": 0.0, "100 eval games, win pct (%)": 19.0, "100 eval games, avg rewards": 0.29710000000000003, "1000 test games, avg score": -0.01925263157894737, "1000 test games, win pct": 0.0}