{"50 games avg reward": 1.2728, "_runtime": 517, "_timestamp": 1618865183, "_step": 360, "50 games n wins": 98.0, "epsilon": 0.0, "100 eval games, win pct (%)": 26.0, "100 eval games, avg rewards": 0.43670000000000003, "1000 test games, avg score": 0.09766315789473684, "1000 test games, win pct": 0.0}