{"50 games avg reward": -9.98, "_runtime": 2870, "_timestamp": 1618785534, "_step": 2293, "50 games n wins": 57.99999999999999, "epsilon": 0.0, "100 eval games, win pct (%)": 0.0, "100 eval games, avg rewards": -13.59, "1000 test games, avg score": -11.042105263157895, "1000 test games, win pct": 0.0}