{"50 games avg reward": -5.98, "_runtime": 5399, "_timestamp": 1618803114, "_step": 2307, "50 games n wins": 72.0, "epsilon": 0.0, "100 eval games, win pct (%)": 28.000000000000004, "100 eval games, avg rewards": -8.1, "1000 test games, avg score": -9.596842105263159, "1000 test games, win pct": 0.0}