{"50 games avg reward": 1.0612, "_runtime": 515, "_timestamp": 1618869320, "_step": 329, "50 games n wins": 80.0, "epsilon": 0.0, "100 eval games, win pct (%)": 0.0, "100 eval games, avg rewards": -0.1524, "1000 test games, avg score": 0.4537157894736842, "1000 test games, win pct": 23.799999999999997}