{"50 games avg reward": 0.8377999999999999, "_runtime": 477, "_timestamp": 1618863644, "_step": 301, "50 games n wins": 70.0, "epsilon": 0.0, "100 eval games, win pct (%)": 17.0, "100 eval games, avg rewards": 0.1204, "1000 test games, avg score": 0.4666421052631579, "1000 test games, win pct": 24.7}