{"50 games avg reward": 1.2599999999999998, "_runtime": 528, "_timestamp": 1618853129, "_step": 452, "50 games n wins": 96.0, "epsilon": 0.0, "100 eval games, win pct (%)": 100.0, "100 eval games, avg rewards": 1.3000000000000003, "1000 test games, avg score": 0.1, "1000 test games, win pct": 0.0}