{"50 games avg reward": 1.1635999999999997, "_runtime": 508, "_timestamp": 1618867243, "_step": 365, "50 games n wins": 90.0, "epsilon": 0.0, "100 eval games, win pct (%)": 0.0, "100 eval games, avg rewards": 0.035500000000000004, "1000 test games, avg score": 0.038284210526315796, "1000 test games, win pct": 0.0}