{"50 games avg reward": 1.0685999999999998, "_runtime": 516, "_timestamp": 1618850465, "_step": 351, "50 games n wins": 78.0, "epsilon": 0.0, "100 eval games, win pct (%)": 0.0, "100 eval games, avg rewards": 0.09999999999999998, "1000 test games, avg score": 0.1, "1000 test games, win pct": 0.0}