{"50 games avg reward": 1.0426, "_runtime": 504, "_timestamp": 1618848926, "_step": 379, "50 games n wins": 76.0, "epsilon": 0.0, "100 eval games, win pct (%)": 0.0, "100 eval games, avg rewards": 0.09999999999999998, "1000 test games, avg score": 1.3000000000000003, "1000 test games, win pct": 100.0}