{"50 games avg reward": -48.0, "_runtime": 329, "_timestamp": 1618674618, "_step": 1478, "50 games n wins": 0.0, "epsilon": 0.47081000000088097, "100 eval games, win pct (%)": 0.0, "100 eval games, avg rewards": -47.74, "1000 test games, avg score": -48.28041543026706, "1000 test games, win pct": 0.0}