{"50 games avg reward": 1.2117999999999998, "_runtime": 519, "_timestamp": 1618855757, "_step": 424, "50 games n wins": 92.0, "epsilon": 0.0, "100 eval games, win pct (%)": 100.0, "100 eval games, avg rewards": 1.3000000000000003, "1000 test games, avg score": 0.1, "1000 test games, win pct": 0.0}