{"50 games avg reward": 1.0709999999999997, "_runtime": 496, "_timestamp": 1618866731, "_step": 323, "50 games n wins": 80.0, "epsilon": 0.0, "100 eval games, win pct (%)": 20.0, "100 eval games, avg rewards": 0.18650000000000003, "1000 test games, avg score": 0.1934315789473684, "1000 test games, win pct": 20.3}