{"50 games avg reward": 1.3, "_runtime": 514, "_timestamp": 1618856276, "_step": 430, "50 games n wins": 100.0, "epsilon": 0.0, "100 eval games, win pct (%)": 100.0, "100 eval games, avg rewards": 1.3000000000000003, "1000 test games, avg score": 1.3000000000000003, "1000 test games, win pct": 100.0}