{"50 games avg reward": 1.1205999999999998, "_runtime": 545, "_timestamp": 1618852597, "_step": 424, "50 games n wins": 84.0, "epsilon": 0.0, "100 eval games, win pct (%)": 100.0, "100 eval games, avg rewards": 1.3000000000000003, "1000 test games, avg score": 0.1, "1000 test games, win pct": 0.0}