{"50 games avg reward": 0.7194000000000002, "_runtime": 480, "_timestamp": 1618862191, "_step": 315, "50 games n wins": 46.0, "epsilon": 0.0, "100 eval games, win pct (%)": 0.0, "100 eval games, avg rewards": -0.0375, "1000 test games, avg score": 0.12352631578947369, "1000 test games, win pct": 0.0}