{"50 games avg reward": 1.1978, "_runtime": 489, "_timestamp": 1618863162, "_step": 382, "50 games n wins": 92.0, "epsilon": 0.0, "100 eval games, win pct (%)": 25.0, "100 eval games, avg rewards": 0.4280000000000001, "1000 test games, avg score": 0.024757894736842104, "1000 test games, win pct": 0.0}