{"50 games avg reward": 0.8758000000000001, "_runtime": 524, "_timestamp": 1618869848, "_step": 332, "50 games n wins": 72.0, "epsilon": 0.0, "100 eval games, win pct (%)": 0.0, "100 eval games, avg rewards": 0.03440000000000001, "1000 test games, avg score": -0.020515789473684213, "1000 test games, win pct": 0.0}