{"50 games avg reward": 0.7771999999999999, "_runtime": 487, "_timestamp": 1618864135, "_step": 318, "50 games n wins": 62.0, "epsilon": 0.0, "100 eval games, win pct (%)": 0.0, "100 eval games, avg rewards": -0.18160000000000004, "1000 test games, avg score": 0.4671263157894737, "1000 test games, win pct": 39.0}